{
  "iters": 15,
  "n_sims": 50,
  "mean": [
    15.036702651963651,
    13.649043214309236,
    13.446056391440719,
    13.446056391376144,
    13.416103697744314,
    13.40474483374752,
    13.401502512116997,
    13.402937389966576,
    13.406535228504698,
    13.410348632871216,
    13.413079590529957,
    13.414687920040363,
    13.415556040935494,
    13.416006382654098,
    13.416235652843477
  ],
  "var": [
    0.0,
    1.135959703518257e-28,
    7.888609052210118e-29,
    7.888609052210118e-29,
    2.8398992587956425e-29,
    3.1554436208840472e-30,
    3.1554436208840472e-30,
    1.262177448353619e-29,
    3.155443620884047e-28,
    3.155443620884047e-28,
    3.155443620884047e-28,
    1.262177448353619e-29,
    7.888609052210118e-29,
    1.262177448353619e-29,
    3.1554436208840472e-30
  ],
  "std": [
    0.0,
    1.0658141036401503e-14,
    8.881784197001252e-15,
    8.881784197001252e-15,
    5.329070518200751e-15,
    1.7763568394002505e-15,
    1.7763568394002505e-15,
    3.552713678800501e-15,
    1.7763568394002505e-14,
    1.7763568394002505e-14,
    1.7763568394002505e-14,
    3.552713678800501e-15,
    8.881784197001252e-15,
    3.552713678800501e-15,
    1.7763568394002505e-15
  ]
}