{
  "iters": 15,
  "dims": 15,
  "n_sims": 50,
  "n_particles": 50,
  "mean": [
    [
      2.6840457595344027,
      2.7360672721658332,
      2.989711914884498,
      2.944098138212406,
      2.91196200637052,
      2.9957911288955867,
      2.7540017697937538,
      2.510778883841409,
      2.6273724449898577,
      3.107684043242552,
      2.9517662421405264,
      2.944822009585304,
      2.69381963486178,
      2.880431852155043,
      3.4533873014012295
    ],
    [
      2.6712296005666265,
      2.6656339356482177,
      2.962407823708783,
      2.910976145707424,
      2.8829155039975585,
      3.1015593719570678,
      2.7501228599102134,
      2.3060673499914333,
      2.3838335308347243,
      3.133563851154257,
      2.970896632674876,
      2.910874420954938,
      2.504986842480031,
      2.9071915778358117,
      3.4976747009857303
    ],
    [
      2.80601644546673,
      2.758382749819785,
      2.9456805117376854,
      2.9358032665313076,
      2.964622327769872,
      3.124619462559671,
      2.8536982238481143,
      2.3096398610416613,
      2.4288257050196513,
      3.083741841539986,
      3.029998827408321,
      2.990714932136284,
      2.4332943810424075,
      3.021001724790522,
      3.3736147893007735
    ],
    [
      2.8677514074094996,
      2.7916679807358427,
      2.9116766493766484,
      2.9837748260812065,
      3.0259548917047283,
      3.083775449884597,
      2.8758590032899103,
      2.2836943404683736,
      2.460694808200257,
      3.0606224933423016,
      3.0546160967466798,
      3.003303559139859,
      2.4396907458726695,
      3.0436007753154835,
      3.3107667871920814
    ],
    [
      2.898662788944974,
      2.8083558640052395,
      2.8955066301048906,
      3.006939368918787,
      3.055959063572598,
      3.0645910644235728,
      2.8877056819054765,
      2.2713683573242687,
      2.4763852687109726,
      3.04910882310594,
      3.0669464629689256,
      3.010238134615827,
      2.4419180073717763,
      3.055628978803021,
      3.2793730710104683
    ],
    [
      2.8957692066685676,
      2.8055085580677375,
      2.9047093431965996,
      3.000102665473723,
      3.0479087451700453,
      3.0586638328339197,
      2.8891980878263075,
      2.2725244545236123,
      2.4673665395964752,
      3.0468928460984355,
      3.0596392861364943,
      3.0103141614470865,
      2.444244987951074,
      3.0511705180345663,
      3.2669798150642935
    ],
    [
      2.8992059369087295,
      2.8074686210014215,
      2.9053039440440527,
      3.0015521091926325,
      3.0498862315344963,
      3.0561002116647655,
      2.8930904119574583,
      2.2715053337208095,
      2.4680318728262494,
      3.045000742616332,
      3.060092793441508,
      3.012019256666218,
      2.4435023617581146,
      3.0525665122029033,
      3.260607939785676
    ],
    [
      2.9002523244495855,
      2.8083977913422733,
      2.905680863452108,
      3.001966196674912,
      3.0503427171539474,
      3.0546940293573543,
      2.894751648944653,
      2.2709310006813457,
      2.4681440920335276,
      3.0443988085414335,
      3.0600651417493565,
      3.0124416185236047,
      2.443082839599267,
      3.0527435714818845,
      3.258051274736067
    ],
    [
      2.900677616173393,
      2.808820870944425,
      2.9058788941400073,
      3.0021143097995857,
      3.0504365493178724,
      3.0541123815229514,
      2.895376506502365,
      2.2705978795464192,
      2.468254116135775,
      3.0442898538052665,
      3.06003937593167,
      3.0125682867710974,
      2.442816917519043,
      3.0527414294334174,
      3.257170592744092
    ],
    [
      2.9008218063381155,
      2.8089662003978133,
      2.905954803199348,
      3.0021542733923994,
      3.0504460310539567,
      3.0539340010525637,
      2.8955652448967224,
      2.2704628614964606,
      2.468311257782075,
      3.04427572393958,
      3.060023898067475,
      3.012605940884743,
      2.4427155160308476,
      3.0527212796030128,
      3.2569246460898937
    ],
    [
      2.9008629852448418,
      2.8090070924229,
      2.905976227938731,
      3.002163828859984,
      3.050446126987771,
      3.0538885513216383,
      2.895616044800381,
      2.27042139434679,
      2.468330963587969,
      3.0442729459938977,
      3.0600181950774656,
      3.012615716835742,
      2.4426866581658633,
      3.052712690135722,
      3.256862752600473
    ],
    [
      2.9008738874470543,
      2.809017760499393,
      2.9059816578512065,
      3.0021661194805698,
      3.050445919976579,
      3.0538775035626755,
      2.8956291584303386,
      2.270410124474618,
      2.468336623647339,
      3.0442721727723128,
      3.06001650945088,
      3.01261812537498,
      2.4426791875674927,
      3.052710096833208,
      3.2568474787657453
    ],
    [
      2.9008766854886803,
      2.809020473252248,
      2.9059830042326413,
      3.002166679162575,
      3.0504458464693887,
      3.0538748117304655,
      2.8956324872831667,
      2.2704072038500276,
      2.4683381300354936,
      3.044271955720429,
      3.0600160545202364,
      3.0126187165941194,
      2.4426773014841596,
      3.052709396479062,
      3.2568436999719887
    ],
    [
      2.9008773938213968,
      2.809021156515286,
      2.905983338047213,
      3.002166817513321,
      3.0504458259199154,
      3.053874149490982,
      2.895633325770797,
      2.2704064615771213,
      2.4683385178858717,
      3.044271897577232,
      3.060015936559538,
      3.012618862613017,
      2.442676828499383,
      3.052709215244052,
      3.256842761056174
    ],
    [
      2.900877571991827,
      2.809021327925239,
      2.9059834210636626,
      3.0021668519113245,
      3.050445820547641,
      3.053873985392123,
      2.8956335361764385,
      2.2704062745476055,
      2.468338616239773,
      3.0442718824992534,
      3.060015906539351,
      3.012618898868343,
      2.4426767101210154,
      3.052709169193003,
      3.256842527097732
    ]
  ],